# category|PDF page (1-based)|wolof|italian
saluti|14|Dégguma li nga wax|Non capisco quello che hai detto.
saluti|214|Lan lay tekki?|Che cosa significa?
saluti|214|Leer na?|È chiaro?
saluti|214|Pare nga?|Sei pronto?
saluti|214|Waaw, pare naa|Sì, sono pronto.
saluti|214|Parewuma|Non sono pronto.
saluti|60|Amul solo!|Non c'è problema!
saluti|60|Bind ko!|Scrivilo!
saluti|60|Waxaatal!|Ripeti!
persone|217|Noo tudd?|Come ti chiami?
persone|217|Noo sant?|Qual è il tuo cognome?
persone|47|Ñaata at nga am?|Quanti anni hai?
luoghi_direzioni|217|Foo dëkk?|Dove abiti?
persone|59|Kii kan la?|Chi è questa persona?
casa_oggetti|61|Lii lan la?|Che cos'è questo?
casa_oggetti|59|Lan lay jëriñ?|A che cosa serve?
casa_oggetti|62|Saabu pur setal la.|Il sapone serve per pulire.
casa_oggetti|62|Peel pur gas la.|La pala serve per scavare.
cibo|218|Duma lekk yàpp|Non mangio carne.
cibo|218|Duma lekk jën|Non mangio pesce.
cibo|218|Duma naan sangara|Non bevo alcol.
cibo|218|Mën naa togg|So cucinare.
cibo|218|Mënuma togg|Non so cucinare.
cibo|218|Pareeguma lekk|Non ho ancora finito di mangiare.
cibo|218|Dama bëgga naan kafe|Vorrei bere un caffè.
cibo|218|Dama bëgga naan attaaya|Vorrei bere un tè.
cibo|218|Suur naa|Sono sazio.
luoghi_direzioni|219|Garaas bi fan la nekk?|Dov'è la stazione degli autobus?
luoghi_direzioni|219|Kaar bi, ban waxtu lay dem?|A che ora parte l'autobus?
mercato|219|Paas bi ñaata la?|Quanto costa il biglietto?
saluti|219|Bul ma laal!|Non toccarmi!
saluti|219|Bul ma sonnal!|Non disturbarmi!
mercato|222|Amuma xaalis|Non ho denaro.
salute_emozioni|161|Fu lay metti?|Dove ti fa male?
salute_emozioni|161|Lu la jot?|Che cosa ti è successo?
salute_emozioni|161|Dama am góom|Ho una ferita.
salute_emozioni|221|Damay woccu|Sto vomitando.
salute_emozioni|221|Mënuma lekk dara|Non riesco a mangiare nulla.
salute_emozioni|221|Xiifuma|Non ho fame.
salute_emozioni|221|Sama xol neexul|Sono triste.
azioni|223|Duma génn guddi|Non esco di notte.
