# source|locator|source form|source meaning|reviewed Italian|sense label (optional)
CNRS-LGIDF|b|bant|bâton|bastone|oggetto
CNRS-LGIDF|b|weex|blanc (être)|essere bianco|colore
CNRS-LGIDF|b|naan|boire|bere|azione
CNRS-LGIDF|b|baax|bon (être)|essere buono|qualità
CNRS-LGIDF|b|gémmiñ|bouche|bocca|parte del corpo
CNRS-LGIDF|b|lakk|brûler|bruciare|azione
CNRS-LGIDF|c|woy|chanter|cantare|azione
CNRS-LGIDF|c|rébb|chasser (le gibier)|cacciare|azione
CNRS-LGIDF|c|tàng|chaud (température)|essere caldo|temperatura
CNRS-LGIDF|c|kawar|cheveux|capelli|parte del corpo
CNRS-LGIDF|c|xaj|chien|cane|animale
CNRS-LGIDF|c|asamaan|ciel|cielo|ambiente
CNRS-LGIDF|c|juróom|cinq|cinque|numero
CNRS-LGIDF|c|xol|coeur (organe)|cuore|organo
CNRS-LGIDF|c|waññ|compter|contare|azione
CNRS-LGIDF|c|buum|corde|corda|oggetto
CNRS-LGIDF|c|ñaw|coudre|cucire|azione
CNRS-LGIDF|c|dog|couper|tagliare|azione
CNRS-LGIDF|c|gàtt|court (être)|essere corto|dimensione
CNRS-LGIDF|c|ragal|craindre|avere paura|stato
CNRS-LGIDF|c|gas|creuser|scavare|azione
CNRS-LGIDF|d|bëñ|dent|dente|parte del corpo
CNRS-LGIDF|d|ñaar|deux|due|numero
CNRS-LGIDF|d|wax|dire|dire|azione
CNRS-LGIDF|d|jox|donner|dare|azione
CNRS-LGIDF|d|nelaw|dormir|dormire|azione
CNRS-LGIDF|d|ndeyjoor|droite|destra|direzione
CNRS-LGIDF|e|ndox|eau|acqua|liquido
CNRS-LGIDF|e|xas|écorce|corteccia|parte di una pianta
CNRS-LGIDF|e|xale|enfant|bambino; bambina|persona
CNRS-LGIDF|e|dégg|entendre|sentire|azione
CNRS-LGIDF|f|jigéen|femme|donna|persona
CNRS-LGIDF|f|jabar|femme (épouse)|moglie|parentela
CNRS-LGIDF|f|xob|feuille (d'un végétal)|foglia|parte di una pianta
CNRS-LGIDF|g|óom|genou|ginocchio|parte del corpo
CNRS-LGIDF|g|galaas|glace|ghiaccio|acqua congelata
CNRS-LGIDF|g|jiwu|graine|seme|pianta
CNRS-LGIDF|g|njool|grand (être) (taille, hauteur)|essere alto|dimensione
CNRS-LGIDF|h|ñax|herbe|erba|pianta
CNRS-LGIDF|h|góor|homme (mâle adulte)|uomo|persona
CNRS-LGIDF|j|tànk|jambe|gamba|parte del corpo
CNRS-LGIDF|j|mboq|jaune (être)|essere giallo|colore|w186
CNRS-LGIDF|l|déeg|lac|lago|luogo
CNRS-LGIDF|l|làmmiñ|langue (organe)|lingua|organo
CNRS-LGIDF|l|yaatu|large (être) (spacieux)|essere largo; essere spazioso|dimensione
CNRS-LGIDF|l|raxas|laver (des choses ou parties du corps)|lavare oggetti o parti del corpo|azione
CNRS-LGIDF|l|fóot|laver linge|lavare il bucato|azione
CNRS-LGIDF|l|sang|laver le corps de quelqu’un|lavare il corpo di qualcuno|azione
CNRS-LGIDF|l|takk|lier|legare|azione
CNRS-LGIDF|l|sore|loin (être)|essere lontano|distanza
CNRS-LGIDF|l|gudd|long (être) (objet)|essere lungo|dimensione
CNRS-LGIDF|l|diis|lourd (être)|essere pesante|peso
CNRS-LGIDF|m|loxo|main|mano|parte del corpo
CNRS-LGIDF|m|lekk|manger|mangiare|azione
CNRS-LGIDF|m|dox|marcher|camminare|azione
CNRS-LGIDF|m|jëkkër|mari|marito|parentela
CNRS-LGIDF|m|bon|mauvais (être)|essere cattivo|qualità
CNRS-LGIDF|m|yaay|mère|madre|parentela
CNRS-LGIDF|m|guus|mouillé (être) humide (être)|essere umido; essere bagnato|stato
CNRS-LGIDF|n|féey|nager|nuotare|azione
CNRS-LGIDF|n|bakkan|nez|naso|parte del corpo
CNRS-LGIDF|n|ñuul|noir (être)|essere nero|colore
CNRS-LGIDF|n|bees|nouveau (être)|essere nuovo|qualità
CNRS-LGIDF|o|bët|oeil|occhio|parte del corpo
CNRS-LGIDF|o|nen|oeuf|uovo|alimento
CNRS-LGIDF|o|picc|oiseau|uccello|animale
CNRS-LGIDF|o|nopp|oreille|orecchio|parte del corpo
CNRS-LGIDF|p|der|peau|pelle|parte del corpo
CNRS-LGIDF|p|xalaat|penser|pensare|azione
CNRS-LGIDF|p|baay|père|padre|parentela
CNRS-LGIDF|p|tuuti|peu|poco|quantità
CNRS-LGIDF|p|taw|pluie|pioggia|fenomeno atmosferico
CNRS-LGIDF|p|dënn|poitrine|petto|parte del corpo
CNRS-LGIDF|p|jege|près (être)|essere vicino|distanza
CNRS-LGIDF|r|reen|racine|radice|parte di una pianta
CNRS-LGIDF|r|dex|rivière|fiume|luogo
CNRS-LGIDF|r|xonq|rouge (être)|essere rosso|colore
CNRS-LGIDF|r|yoon|route|strada; percorso|luogo
CNRS-LGIDF|s|toog|s'asseoir être assis|sedersi; essere seduto|azione
CNRS-LGIDF|s|suuf|sable|sabbia|materiale
CNRS-LGIDF|s|tilim|sale (être)|essere sporco|stato
CNRS-LGIDF|s|xam|savoir|sapere|azione
CNRS-LGIDF|s|taxaw|se ternir debout|stare in piedi|azione
CNRS-LGIDF|s|xorom|sel|sale|alimento
CNRS-LGIDF|q|ñeent|quatre|quattro|numero
PC-MR|4|man|I|io; me|pronome
PC-MR|4|yow|You|tu; te|pronome
PC-MR|4|moom|He; She|lui; lei|pronome
PC-MR|4|yéen|You|voi|pronome plurale
PC-MR|4|ñoom|They|loro|pronome
PC-MR|4|waa kër|A family|famiglia; persone di casa|persone
PC-MR|5|mag bu jigéen|Elder sister|sorella maggiore|parentela
PC-MR|5|rakk bu jigéen|Younger sister|sorella minore|parentela
PC-MR|5|mag bu góor|Elder brother|fratello maggiore|parentela
PC-MR|5|rakk bu góor|Younger brother|fratello minore|parentela
PC-MR|5|suba|Morning|mattina|momento della giornata
PC-MR|5|bëccëg|Noon|mezzogiorno|momento della giornata
PC-MR|5|ngoon|Afternoon|pomeriggio|momento della giornata
PC-MR|5|guddi|Night|notte|momento della giornata
PC-MR|5|añ|Lunch|pranzo|pasto
PC-MR|5|reer|Dinner|cena|pasto
PC-MR|6|Salaamaalekum|Peace be upon you|salve; pace su di te|saluto
PC-MR|6|Maalekum salaam|And on you, too|risposta al saluto: pace anche su di te|saluto
PC-MR|6|Nanga def?|How are you?|Come stai?|saluto
PC-MR|6|Naka liggéey bi?|How is the work?|Come va il lavoro?|saluto
PC-MR|6|Bisimila!|Welcome!|Benvenuto!|invito
PC-MR|7|benn|One|uno|numero
PC-MR|7|ñatt|Three|tre|numero
PC-MR|7|juróom benn|Six|sei|numero
PC-MR|7|juróom ñaar|Seven|sette|numero
PC-MR|7|juróom ñatt|Eight|otto|numero
PC-MR|7|juróom ñeent|Nine|nove|numero
PC-MR|7|fukk|Ten|dieci|numero
PC-MR|7|fukk ak benn|Eleven|undici|numero
PC-MR|7|fukk ak ñaar|Twelve|dodici|numero
PC-MR|7|fukk ak ñatt|Thirteen|tredici|numero
PC-MR|7|fukk ak ñeent|Fourteen|quattordici|numero
PC-MR|7|fukk ak juróom|Fifteen|quindici|numero
PC-MR|7|fukk ak juróom benn|Sixteen|sedici|numero
PC-MR|7|fukk ak juróom ñaar|Seventeen|diciassette|numero
PC-MR|7|fukk ak juróom ñatt|Eighteen|diciotto|numero
PC-MR|7|fukk ak juróom ñeent|Nineteen|diciannove|numero
PC-MR|7|ñaar fukk|Twenty|venti|numero
PC-MR|8|taabal|A table|tavolo|oggetto
PC-MR|8|siis|A chair|sedia|oggetto
PC-MR|8|bunt|A door|porta|oggetto
PC-MR|8|palanteer|A window|finestra|oggetto
PC-MR|8|istilo|A pen|penna|oggetto
PC-MR|8|karne|A notebook|quaderno|oggetto
PC-MR|8|saak|A bag|borsa|oggetto
PC-MR|8|kare|Chalk|gesso|oggetto
PC-MR|8|tablo|Chalk board|lavagna|oggetto
PC-MR|8|palaat|A plate|piatto|oggetto
PC-MR|8|kuddu|A spoon|cucchiaio|oggetto
PC-MR|8|paaka|A knife|coltello|oggetto
PC-MR|8|bale|A broom|scopa|oggetto
PC-MR|8|lal|A bed|letto|oggetto
PC-MR|8|mbajj|A blanket|coperta|oggetto
PC-MR|8|darab|A bed sheet|lenzuolo|oggetto
PC-MR|8|simis|A shirt|camicia|oggetto
PC-MR|8|tubey|Pants|pantaloni|oggetto
PC-MR|9|welo|Bike|bicicletta|oggetto
PC-MR|9|attaaya|Tea|tè|bevanda
PC-MR|9|kafe|Coffee|caffè|bevanda
PC-MR|9|meew|Milk|latte|bevanda
PC-MR|9|suukër|Sugar|zucchero|alimento
PC-MR|9|ceeb|Rice|riso|alimento
PC-MR|9|yàpp|Meat|carne|alimento
PC-MR|10|ekool|School|scuola|luogo
PC-MR|10|kalaas|Classroom|classe; aula|luogo
PC-MR|10|wanag|Toilet|gabinetto; toilette|luogo
PC-MR|10|waañ|Kitchen|cucina|luogo
PC-MR|10|mbaar|Hangar|riparo con tetto di paglia|luogo
PC-MR|10|kër|House|casa|luogo
PC-MR|10|néeg|Room|stanza|luogo
PC-MR|10|xayma|Tent|tenda|luogo
PC-MR|10|dispañseer|Dispensary|dispensario|luogo
PC-MR|10|marse|Market|mercato|luogo
PC-MR|10|bitik|Shop|negozio|luogo
PC-MR|10|biro|Office|ufficio|luogo
PC-MR|10|teen|A well|pozzo|luogo
PC-MR|10|pomp|Pump|pompa|oggetto
PC-MR|10|sardeñ|Garden|giardino; orto|luogo
PC-MR|10|tool|Field|campo|luogo
PC-MR|10|bànk|Bank|banca|luogo
PC-MR|10|kaar|Bus|autobus|mezzo di trasporto
PC-MR|10|aeroport|Airport|aeroporto|luogo
PC-MR|11|altine|Monday|lunedì|giorno della settimana
PC-MR|11|talaata|Tuesday|martedì|giorno della settimana
PC-MR|11|allarba|Wednesday|mercoledì|giorno della settimana
PC-MR|11|alxamis|Thursday|giovedì|giorno della settimana
PC-MR|11|ajjuma|Friday|venerdì|giorno della settimana
PC-MR|11|aseet|Saturday|sabato|giorno della settimana
PC-MR|11|dibeer|Sunday|domenica|giorno della settimana
PC-MR|11|weer|Month|mese|tempo
PC-MR|11|at|Year|anno|tempo
PC-MR|13|Ba beneen yoon!|See you!|Alla prossima!|saluto
PC-MR|13|Ba ngoon|See you in the afternoon|A questo pomeriggio.|saluto
PC-MR|13|Ba guddi|See you in the evening|A stasera.|saluto
PC-MR|13|Ba ëllëg|See you tomorrow|A domani.|saluto
PC-MR|13|Ba ci kanam|See you soon|A presto.|saluto
PC-MR|14|Dama sonn|I am tired|Sono stanco.|stato
PC-MR|14|Dama xiif|I am hungry|Ho fame.|stato
PC-MR|14|Dama mar|I am thirsty|Ho sete.|stato
PC-MR|14|Baal ma|Excuse me|Scusami; permesso.|formula di cortesia
PC-MR|14|Fan nga jëm?|Where are you going?|Dove stai andando?|domanda
PC-MR|14|Maa ngi jëm kër ga|I am going home|Sto andando a casa.|frase
PC-MR|15|Damay lekk|I eat|Mangio.|frase
PC-MR|15|Damay liggéey|I work|Lavoro.|frase
PC-MR|15|Dama bëgg noppalu|I want to rest|Voglio riposare.|frase
LLACAN-QUAL|8:25|muus|chat|gatto|nome di animale|muus-noun-cat
LLACAN-QUAL|8:25|muus|être rusé|essere astuto; essere furbo|qualità di una persona|muus-quality-clever
LLACAN-QUAL|8:25|mboq|maïs|mais|alimento|w138
