21|ab|a, an|un; una|determinante|articolo indefinito
21|abal|to lend (something) to|prestare qualcosa a qualcuno|verbo|prestito a un destinatario
21|able|to lend (something)|prestare qualcosa|verbo|prestito
21|afeer|affair, business|affare; questione|nome|affare o questione
21|ag|with, on, by (in oaths)|con|preposizione|accompagnamento
21|ag jàmm|in peace|in pace|espressione|pace
21|agsi|to arrive (here)|arrivare qui|verbo|arrivo verso chi parla
22|akara|bean cake|frittella di fagioli|nome|cibo
22|aktiwite|activity|attività|nome|attività
22|alal|possession, goods, fortune|beni; patrimonio|nome|possesso materiale
22|alkaati|policeman|poliziotto|nome|professione
22|alkol|alcohol|alcol|nome|sostanza
22|almet|match|fiammifero|nome|oggetto
22|aloor|well, then; well, so|ebbene; allora|particella|collegamento nel discorso
22|Altine|Monday|lunedì|nome|giorno della settimana
22|Alxamis|Thursday|giovedì|nome|giorno della settimana
22|Alxuraan|the Koran|Corano|nome|testo religioso
22|am|to have, to have in it|avere; contenere|verbo|possesso o contenuto
23|am aajo|to be considerate|essere premuroso|espressione verbale|attenzione agli altri
23|am alal|to be very wealthy|essere molto ricco|espressione verbale|ricchezza
23|am barke|to be blessed, to be fortunate|essere benedetto; essere fortunato|espressione verbale|benedizione o fortuna
23|am bayre|to be successful|avere successo|espressione verbale|successo
23|am bët|to have big eyes|avere occhi grandi|espressione verbale|aspetto degli occhi
23|am coono|to have a lot to do|avere molto da fare|espressione verbale|impegni
23|am daraja|to be wise and respected|essere saggio e rispettato|espressione verbale|saggezza e rispetto
23|am dog-dog|to have problems, have something to deal with|avere problemi da affrontare|espressione verbale|difficoltà
23|am doole|to be strong|essere forte|espressione verbale|forza
23|am doom|to have a baby, give birth; to have a child|avere un figlio; partorire|espressione verbale|nascita o figli
23|am fayda|to be serious, be determined|essere serio; essere determinato|espressione verbale|atteggiamento
23|am fit|to be brave, be courageous|essere coraggioso|espressione verbale|coraggio
23|am gàcce|to be ashamed|provare vergogna|espressione verbale|emozione
23|am itte|to be thoughtful, considerate|essere attento e premuroso|espressione verbale|attenzione agli altri
23|am jot|to have time|avere tempo|espressione verbale|tempo disponibile
24|am jotu|to have time to|avere tempo per|espressione verbale|tempo per compiere un'azione
24|am kalaas|to have class, have style|avere classe; avere stile|espressione verbale|stile personale
24|am karaas|to have dandruff|avere la forfora|espressione verbale|condizione del cuoio capelluto
24|am kersa|to be polite, be respectful|essere educato; essere rispettoso|espressione verbale|educazione e rispetto
24|am maanaa|to be important|essere importante|espressione verbale|importanza
24|am màqaama|to be famous|essere famoso|espressione verbale|notorietà
24|am metitu bëñ|to have a toothache|avere mal di denti|espressione verbale|dolore ai denti
24|am metitu biir|to have an upset stomach, have a stomach ache|avere mal di pancia|espressione verbale|dolore addominale
24|am metitu bopp|to have a headache|avere mal di testa|espressione verbale|dolore alla testa
24|am na|there is, there are, there exists, there exist|c'è; ci sono|espressione|esistenza
24|am naqar|to be sad|essere triste|espressione verbale|tristezza
24|am ngor|to be virtuous, honorable|essere onesto e onorevole|espressione verbale|qualità morale
24|am njariñ|to be important, to be helpful|essere importante; essere utile|espressione verbale|importanza o utilità
24|am oto|to have a car, to have transportation|avere un'auto; avere un mezzo di trasporto|espressione verbale|trasporto disponibile
24|am palaas|to have a place, to have there be room for one|avere un posto; avere spazio per sé|espressione verbale|posto disponibile
24|am pas-pas|to be decisive|essere deciso|espressione verbale|decisione
25|am porobelemu xaalis|to have money problems|avere problemi di denaro|espressione verbale|difficoltà economiche
25|am randewuu|to have a date, have an appointment|avere un appuntamento|espressione verbale|appuntamento
25|am sago|to be cool, calm|essere calmo|espressione verbale|calma
25|am sikkim|to have a beard|avere la barba|espressione verbale|aspetto del viso
25|am sold|to have a sale|fare una vendita promozionale|espressione verbale|saldi
25|am solo|to be important|essere importante|espressione verbale|importanza
25|am soxlo ci|to need|avere bisogno di|espressione verbale|necessità
25|am taar|to be beautiful (of a person)|essere bello (di una persona)|espressione verbale|bellezza personale
25|am tan|to be feeling better|sentirsi meglio|espressione verbale|miglioramento delle condizioni
25|am taxawaay|to be tall (of a person)|essere alto (di una persona)|espressione verbale|altezza personale
25|am terànge|to be hospitable, to be a good hostess|essere ospitale|espressione verbale|ospitalità
25|am tiis|to be sad|essere triste|espressione verbale|tristezza
25|am tur|to be famous|essere famoso|espressione verbale|notorietà
25|am xam-xam|to be knowledgeable|avere conoscenze; essere istruito|espressione verbale|conoscenza
25|am xel|to be intelligent, smart|essere intelligente|espressione verbale|capacità intellettuale
25|am xet|to have a bad smell (of a person), have body odor|avere un cattivo odore corporeo|espressione verbale|odore corporeo
25|am yaakaar|to be hopeful, optimistic|essere fiducioso; essere ottimista|espressione verbale|speranza
25|am yaakaar ci|to count on|contare su|espressione verbale|fiducia in qualcuno
26|amaana|maybe|forse|avverbio|possibilità
26|am-am|property, wealth|patrimonio; ricchezza|nome|beni materiali
26|amati|to still have|avere ancora|verbo|possesso che continua
26|ambasaad|embassy|ambasciata|nome|istituzione
26|ameel|to owe to (someone)|dovere qualcosa a qualcuno|verbo|debito
26|ameel bor|to owe a debt to|avere un debito con|espressione verbale|debito
26|amiin|amen (response to a blessing)|amen|interiezione|risposta a una benedizione
26|ampagaay|in abundance|in abbondanza|avverbio|quantità abbondante
26|amul|not to exist|non esserci; non esistere|verbo negativo|assenza
26|amul tan|not to have time|non avere tempo|espressione verbale|mancanza di tempo
26|ana|where is, where are; how is, how are|dov'è; dove sono|interrogativo|posizione di qualcuno o qualcosa
27|anam|circumstance, case|circostanza; caso|nome|situazione
27|anukaay|dustpan|paletta per raccogliere la polvere|nome|pulizia
27|anxkay|yes (used in answer to a negative question)|sì (risposta a una domanda negativa)|particella|risposta a domanda negativa
27|añ|to eat lunch|pranzare|verbo|pasto di mezzogiorno
27|añaan|to be jealous|essere geloso|verbo|gelosia
27|añee|to have (a food or drink) for lunch|mangiare o bere qualcosa a pranzo|verbo|cibo consumato a pranzo
27|añi|to go and eat lunch|andare a pranzare|verbo|movimento per pranzare
27|añsi|to come and eat lunch|venire a pranzare|verbo|movimento verso chi parla per pranzare
27|araf|alphabet|alfabeto|nome|scrittura
28|are|bus stop, kaar raapit stop|fermata dell'autobus|nome|trasporto
28|areete|to stop (of a car, for instance)|fermarsi|verbo|arresto del movimento
28|aréén|peanut (especially as grown for commercial use)|arachide|nome|coltura alimentare
28|ariko|bean: especially, white bean or Navy bean|fagiolo, soprattutto bianco|nome|legume
28|armuwaar|armoire, closet|armadio|nome|mobile
28|artu|to be careful, to watch out|fare attenzione|verbo|attenzione
28|asamaan|sky|cielo|nome|natura
28|Aseer|Saturday|sabato|nome|giorno della settimana
28|aset|plate|piatto|nome|stoviglia
28|at|year|anno|nome|tempo
40|bëccëg|daylight, daytime|giorno (ore di luce)|nome|periodo diurno
40|bëgg|to want, to love|volere; amare|verbo|desiderio o amore
139|muus|cat|gatto|nome|animale
139|muus|to be wise, intelligent, smart|essere saggio; essere intelligente|verbo di qualità|capacità intellettuale
